0x0000cBe77eE6999c2407611E89ad0389AF474F48,5.46448
0x000B79f52356189C80a9d3AdA3911D4438218516,5.46448
0x01328841Ea84D861F2cf5cbf36b58768b15403D3,5.46448
0x044c53d8576d4d700e6327c954f88388ee03b8db,5.46448
0x0467F3b464FF75ac91f6ED8a4139fC6e38256eFb,5.46448
0x050CBBcCe5Bc7d4e7831e9136Dd54151609Bb7Ce,5.46448
0x051E55839B788Ab0DddCC8000B8fAa07D51F6CA0,5.46448
0x056590F16D5b314a132BbCFb1283fEc5D5C6E670,5.46448
0x05705F21AE070A52D9b258ba6b1692325d4cb019,5.46448
0x0998196d57119044E7F0C099C6c1A090cb8Efc7e,5.46448
0x0b4F56611DC8D67034cc36cfc6F9C25924FBA852,5.46448
0x0D1FE752Ac2E08ef0DA1547A12C1bC3B87139D75,5.46448
0x0d79679891B79C427057886d6d636c8d102B79B0,5.46448
0x0fe8C779270aD17f31B189FDE8eeB66fd5c8BE8C,5.46448
0x1016DC63C665ED1389Dc2c98B32A2Fd48cA4f254,5.46448
0x101D5810f8841BcE68cB3e8CFbadB3f8C71fdff0,5.46448
0x10812c143C02260fD8A7221dd9A2e6Ee0A65ee1e,5.46448
0x11b6A5fE2906F3354145613DB0d99CEB51f604C9,5.46448
0x131aAEcBfF040379070024EA0AE9AB72a059e6C4,5.46448
0x15AeAceCef5E603D0A2f8a4b4782Fa3bbBAEFBEd,5.46448
0x165Cc5f47Cdb55bad3282B6543CbBf6542e06cdc,5.46448
0x18b7aE28CAF261187064C835E74FBa72287aDAD7,5.46448
0x193DBE34Ed09c5481264EcfCfD4C96A48d45a130,5.46448
0x1DC5EeFE2D20d1aB0dB794a4236df147C0f60921,5.46448
0x1E7127c81C8A58661a0811F026B6bE66533934bE,5.46448
0x1F427A6FCdb95A7393C58552093e10A932890FA8,5.46448
0x1FB2cb514f42711b597fEAd4E490Db9d9f8B3243,5.46448
0x207d6A2cFD7Fe8a94177B618c476F98112c5333D,5.46448
0x21f948Ef3AFe5406f8b2D911E05eAe4FFB82eCB4,5.46448
0x27dde6d51e4b28f997af3b83b0539d996eb47780,5.46448
0x287300059f50850d098b974AbE59106c4F52c989,5.46448
0x28Ac32ECA079e42D33FCFd1EE3bB5954846761ed,5.46448
0x28f8ec7CEd5f1D9D1384b5b6937Dc6fd267C1e35,5.46448
0x2d5304bA4f2c6EFF5D53CecF64AF89818A416cB9,5.46448
0x2Df3885a78a036546E801fCB2e0472257b392351,5.46448
0x2fc0423d26eed78437d5cfcabd11650ac6673324,5.46448
0x31EFd75bc0b5fbafc6015Bd50590f4fDab6a3F22,5.46448
0x323794C012DF58d68843D745c75eA536D870c7DA,5.46448
0x32FEecCD73bc3e2c2DaE2442602f28894499A4a4,5.46448
0x334e439EE9285755f98bE4fAFb1aDD1eF2571501,5.46448
0x33a9e8Ef8C13c193410fE97F6B13E89DA1078f9e,5.46448
0x347FcC4a31B8fED9c565aFFA3664446f14da9040,5.46448
0x34A903636158a5e5929a6cb87171c7e0dD2BA6B9,5.46448
0x351B7FAa48F2F86AEa651E05fFa3AF5D6cfBAD38,5.46448
0x358A906Ca407a35DE33B930AA7Cf49A301A4DEF1,5.46448
0x367A1dB9A233251e0Be48a6b9154C31F71Db8309,5.46448
0x3ba178cA5CeBD19f34f6395869D292384f2E83d9,5.46448
0x3ce3D85bb64f17Dc89c897eA77aD563b3307478a,5.46448
0x3D4acC6618f0d9d55A5c8b6675fa0874C6622953,5.46448
0x3E7dd7DF9C1FfD12B8ecD94A27472BDc4d87AB7E,5.46448
0x3f92395a5ce79b3e51a93833cf185a7291f87c3a,5.46448
0x420449b8b94fcfBc94Ac189f2DE572857404BDe4,5.46448
0x429886D48D5F97c4C8111d3615C193264642f95F,5.46448
0x4324177c067e3a768c405f512473bcc137c2dCB8,5.46448
0x44535c61957f5C120Eee8B31608ec6C15F174475,5.46448
0x467Ae54E2d6C61Ae06966473a74a03125Bf5987E,5.46448
0x47cE3E8f6705aefC29Fa0eB3D8738F08252726a0,5.46448
0x48dbB9B7B562ACf3c38E53deAfF4686e24c3D85D,5.46448
0x494cBC1f193f86bABFf1e9964bBFf48a9eBB965A,5.46448
0x4bf5ac65dcef17b7125af74ec5f1e485217b1101,5.46448
0x4C9C827fa296EF236166671C9fB4123889cE55Da,5.46448
0x4c9d4a1310639da40bd47b68553ed6eb366db22c,5.46448
0x4cC930A91865E30fEfF38465ace57711e3923881,5.46448
0x4D6D06f075efea9E5e4dB9Aa3648C3347ce6D0b5,5.46448
0x4f3a36C91c392781536348C03DFB8F6e265c277D,5.46448
0x4f9E089652676B943B60a1e2E7Fb04c41517252c,5.46448
0x515afF85b6A289ed75713D6Ff3addf7bf57F0810,5.46448
0x5262fFB58753Af71241A34dB3Ad6Cc7D9ab62fCE,5.46448
0x54122C899013e2c4229e1789CFE5B17446Dae7f9,5.46448
0x55D3aB0d2C6795a31022439F188eE4e642C87831,5.46448
0x590dfbD53781c6d9D8404eB8e1847fEA1AfAD319,5.46448
0x5C2E7837A5dc5d07C6977BFeDB46a1F3Ec6A5A77,5.46448
0x5c634AfD05b5c173f66749D3CceA503284876Bad,5.46448
0x5d2f29AA18aEf827317c48bd2b4f05fA24880038,5.46448
0x5E718cFEAfA44C8fC0224CEaa33C7E2DdCf9b7b4,5.46448
0x60A5dcB2fC804874883b797f37CbF1b0582ac2dD,5.46448
0x6327689602429Af9EB2eF53385236CeA02e0c684,5.46448
0x6337814f9D2ab10f53e65E6CCc16310E61cf8584,5.46448
0x633B7afC012a5Fff2e418A7525fC2BE3cf689bfC,5.46448
0x661FC05d4b38eA3602596C1e5eE9Cfc0730FF552,5.46448
0x66De7DCB0Ec09fbB577b6233C29490C96Bd38307,5.46448
0x67624605A0Fcd38BEb0Fa6750452d8083b4cd387,5.46448
0x68D7DeAba55c4eEF11BBAC0a6DC938b888C5D137,5.46448
0x6990f87dc2bffbd9a52694b1d3d963f62cd09eb7,5.46448
0x733cC01B8ada6302526606Fd30Ef59973169f819,5.46448
0x745B5a79F98D41722b595e2da464F1fbCc99CaAd,5.46448
0x75B0bBD46d7752CB2f5FfE645467e0ce6E389795,5.46448
0x77850C20Fb33297F515422fa65DFfee48D66cB94,5.46448
0x7832E8979FAd2cdbD9fC3bffC5853873e354267D,5.46448
0x7A6C729d7f64d96F6eDA371C6e90D0Ab4a29C82b,5.46448
0x7D0fbc408672eb499132d79d39796E88338B1598,5.46448
0x7ece54814110f5b5B161106fC24333338156D249,5.46448
0x827Ac9beC24719F93C9aD6469C28DaA82416BECa,5.46448
0x832C28E876BdB99147c44CD306bffeeA816C98c1,5.46448
0x84bC1fC6204b959470BF8A00d871ff8988a3914A,5.46448
0x87C0c0A2d4B9e39A1b6b525A2832a3e080ed6640,5.46448
0x8bb18f1eeB8d170F4edfE2C5D008986171B4e572,5.46448
0x8ca8D2CBc07eDF6512cadA0D2573C8F4802a1989,5.46448
0x8d07d225a769b7af3a923481e1fdf49180e6a265,5.46448
0x8F493C12c4F5FF5Fd510549E1e28EA3dD101E850,5.46448
0x942b04e62bd86b1e273f3df3e52b7a980b5f07ba,5.46448
0x94625BE060D1E09698C616a5808EfB083C769166,5.46448
0x9559da075079Ae4505569149F424486d6085017f,5.46448
0x9866ef8971a9d9bffabb59619f91c0848e34cf42,5.46448
0x99086146D4778b0c186fF825093990831E04aA5b,5.46448
0x99e292E1B8228CE68b723064bCF58e379472E4e3,5.46448
0x9b616Ac1D31F17Be9B23560d93699cA7732e2808,5.46448
0x9D07fDC3d5E56cE7EB75a41A33bDeC56902d35ab,5.46448
0x9e9afD7DE04EB4Ac739F69443E9616198F6Db4AD,5.46448
0xa0aeCac143fEF3c948Bb13d435254d8990b863BD,5.46448
0xa1bd817e13ed6bb524ed491cff76c83afec773ac,5.46448
0xA43c750d5dE3Bd88EE4F35DEF72Cf76afEbeC274,5.46448
0xa5B0E56144837C1b27790F69777Ac61F4Af345eF,5.46448
0xa72f1fcc0b12284f040a947Abc8715965bf9F172,5.46448
0xAA33F700653c8bEC7b731B9DE3E81BfE53B8b8e5,5.46448
0xABD302A159a0F99f29C09d7cf873415e565C6926,5.46448
0xAD6002B414e960629c1602a0983373267AD0B7B3,5.46448
0xadAa606Cefe3DcA15BCa91001554a63068Cf9411,5.46448
0xAE2610a12A0428a89F90ee9139f6432Be9641D8D,5.46448
0xAf0A9f35b8025B55D28953E2880e91c8F40eDca8,5.46448
0xaf616daba40f81b75af5373294d4dbe29dd0e0f6,5.46448
0xB09AfA057305993c06C4a229f00f1fD8711CB12D,5.46448
0xb0f4b88d29667607e88198a12e6b19700b08abf1,5.46448
0xb1045f257063cc016Fc7516d00A3426C54eC6B77,5.46448
0xb75eb924568D4eBf65d9Bb932C589c3c06a59655,5.46448
0xb7edA61ec08df3Dd9A194E24Fae7189a485bD21B,5.46448
0xb84848Ce4a46a44f06864B5deCc2fe07b842CF30,5.46448
0xb97BE55eF5DEb93E40C471cb9dcc8DE142A5d4b4,5.46448
0xB9bA818b77d8fe2dda2e6D356dB6b90d0904C681,5.46448
0xB9dDaf6E88Cf7EAAd8026E5D2F3B9Cc93B3C9a55,5.46448
0xBCEE6cED83841C1a62928F06B5d72ee348415b24,5.46448
0xBDA9e26443497f20a07ec294eadDebE416649a97,5.46448
0xbEC3C8FA2C450F485dcE20F64312c28c1FF0e297,5.46448
0xbf3145eBe8264874bD2fcBf4B28E544C60333a56,5.46448
0xc391791Ecbb9B8CcCc9E708Fc847E941AF8025B2,5.46448
0xc39eF8E07aeaD95e96C17E45E1016A87FC0342cF,5.46448
0xc42B499f9609f3C38E2f076A4885Fc50E73d726b,5.46448
0xc51D8FFf6f74403199DD3EcfB815B45123B47B45,5.46448
0xC73a01E10848881F3c4FbBcbd3252151204cf3FB,5.46448
0xc957c4482884B3F834DcBA534FA00a1515C1ac9d,5.46448
0xcA7F8f6A21C6e0F3b0177207407Fc935429BdD27,5.46448
0xcE8CC8Cbbb93fc45e617C98fafF204E2ea8eed54,5.46448
0xCed2f0dcb70757339F7072A3ffA08a4A73497435,5.46448
0xcf1e4c0455e69c3a82c2344648be76c72dbcda06,5.46448
0xD118406Cb0de9E67f39Ca2f7DC93061f2A5605eB,5.46448
0xD18f91C1F576e5cCCbD576046f027d34C7E748FC,5.46448
0xD2E7dA6bF3C441AcbcD9007631C3D926e1f52AC5,5.46448
0xd32B29A4A85EE6cCcd4210f14143EA7DA94C1627,5.46448
0xD4e01f608982FF53022E8C3fF43E145A192a9c4a,5.46448
0xd522CD8cc56BAdBD1E9A84a9F726Dc87667Ad73A,5.46448
0xD52820c0e100550FA7E4db76533D34848EB0E544,5.46448
0xd6D48727d8835b73F8DC511A5BAaf3445a6F65C9,5.46448
0xd9c6E931e50D3A43B645bD222c8F4591ABc6301F,5.46448
0xD9Ed88862F0Ebec8750E0c34d5985A1B87e85Ed9,5.46448
0xdA0A83E1E8b1ae2AC3EFA2B74DE8a0312fF43407,5.46448
0xDb89C1C66191E6B3Af2A299fbfF2E22EB1Fe1AE0,5.46448
0xdba9648Ff976995bd31D9ee9a76d2A95813d6b6b,5.46448
0xDbD9d1E5742DbF471F6F63d5b02A7382B4fEf151,5.46448
0xDcdB53E8E1123BAA64a0B7d3Da13E360CA843797,5.46448
0xDd54567F48bAC37023F49F027C431fDEe928bBC8,5.46448
0xE35FC005B75F3fb4292267AD5b128da2bB8649bf,5.46448
0xe48141330915737066a4D40f828Ef30bAdA6a711,5.46448
0xe4A464feb857a708546d0fc480039f31de3cd1d2,5.46448
0xe5a4Dad2Ea987215460379Ab285DF87136E83BEA,5.46448
0xe5e1e9c58DB4ECaB40fD46D7aC3578b74c1D0921,5.46448
0xe6Bc5dd576731F5a2395780dea7Ffae1D1F14241,5.46448
0xe88c24b71d8463E4c84f63155F2477Ebcd0F65BF,5.46448
0xe8eCFf92eB246e6387036664B090Ae7443109D48,5.46448
0xEC097b85Df87Aba5691B5A8e0b6513556cdfaC2F,5.46448
0xeC623481f8Fb6f0F95c1939D266190AD8b31B722,5.46448
0xEC661b29DBeA4D62B57D2D93eBe418993A2E83F6,5.46448
0xEEd7e1c7c9c68611584e8f6230178Ce0A48Eef7F,5.46448
0xf0Fc04Ff7e97ce0a88d93F80fD04F13a2B5e690A,5.46448
0xf5F802dDD72c98791a8659054D4852e97F90C9d7,5.46448
0xf84975C731E88bd46c7017887b66C8e62efCe9A3,5.46448
0xf8e6f23f18a04Bfd481cE71ac894488568285f1b,5.46448
0xFc6B6ADD67607462ee9E15d70FAf56FA93D56e16,5.46448
0xFD9cE48c96617BF6Ccc7C37044b1a22638B71E02,5.46448
0xFF790deB32CFD908c94Eb71299fD8D86A059A409,5.46448
alon.eth,5.46448
god.eth,5.46448
ligi.ethereum.eth,5.46448
poopoo.eth,5.46448
